cegb_penalty_split;enable_cegb;enable_merging;enable_prepruning;enable_pruning;enable_quantization;lambda_l1;lambda_l2;learning_rate;max_depth;min_data_in_leaf;min_gain_to_split;n_estimators;num_clusters;num_leaves;pruning_percentile;quantization_bits;quantization_diff;quantization_type;stopping_rounds;rank;train_score;test_score;estimateMemory;accuracy;random_state;arduino:avr:uno;arduino:avr:leonardo;arduino:samd:mkr1000;arduino:samd:mkrgsm1400;arduino:samd:nano_33_ble;esp32:esp32:adafruit_feather_esp32_v2;esp32:esp32:sparklemotion;
0.15792834641283537;True;False;False;True;False;0.5576080425473401;0.17589026077942926;0.6787647333471983;8;30;0.06345159145150996;3184;23;345;0.23627811538749774;8;leafs;scale;50;1;4.635719995810598e-05;0.7749;22;0.7734;3280387012;4636;6602;23860;25092;999999;326794;294350;
0.09426627420984969;True;True;True;True;True;0.5576080425473401;0.17589026077942926;0.6787647333471983;8;56;0.013124339825662848;3184;8;606;0.1355434274685504;8;leafs;scale;50;2;4.615807109230656e-05;0.7749;13;0.7734;3280387012;4656;6622;24076;25308;999999;326774;294330;
0.12282321108954655;False;True;True;True;True;0.5576080425473401;0.17589026077942926;0.6787647333471983;4;50;0.05754035861793349;3184;5;827;0.7677487808151862;16;both;affine;50;3;1.95253047253642e-05;0.6481;256;0.6504;3280387012;7722;9688;26060;27292;999999;328494;296050;
0.10038778281449845;True;False;True;True;True;0.5576080425473401;0.17589026077942926;0.6787647333471983;5;50;0.09067552706173469;3184;16;780;0.5626827290175067;16;thresholds;affine;50;4;2.1491219391797325e-07;0.7749;18;0.7734;3280387012;4836;6802;24172;25404;999999;327090;294646;
0.1029536151368213;True;True;True;True;False;0.5576080425473401;0.17589026077942926;0.6787647333471983;6;39;0.029773227885037418;3184;5;535;0.29984778113259297;8;thresholds;scale;50;5;2.1491219391797325e-07;0.7749;22;0.7734;3280387012;4636;6602;23860;25092;999999;326794;294350;
