cegb_penalty_split;enable_cegb;enable_merging;enable_prepruning;enable_pruning;enable_quantization;lambda_l1;lambda_l2;learning_rate;max_depth;min_data_in_leaf;min_gain_to_split;n_estimators;num_clusters;num_leaves;pruning_percentile;quantization_bits;quantization_diff;quantization_type;stopping_rounds;rank;train_score;test_score;estimateMemory;accuracy;random_state;arduino:avr:uno;arduino:avr:leonardo;arduino:samd:mkr1000;arduino:samd:mkrgsm1400;arduino:samd:nano_33_ble;esp32:esp32:adafruit_feather_esp32_v2;esp32:esp32:sparklemotion;
0.09426627420984969;True;True;True;True;True;0.03978834230120562;0.7974663230154888;0.8064572372417927;8;56;0.013124339825662848;3698;8;606;0.1355434274685504;8;leafs;scale;100;1;5.900301115408864e-05;0.8674;37;0.8698;3280387012;4814;6780;24188;25420;999999;326878;294430;
0.10288901399080692;False;False;True;True;True;0.03978834230120562;0.7974663230154888;0.8064572372417927;9;51;0.10178806719884223;3698;15;260;0.5721079766210598;16;thresholds;affine;100;2;4.819569298386354e-05;0.9295;1679;0.9544;3280387012;15042;17008;32404;33636;999999;336654;304210;
0.07231857316419685;False;True;True;False;True;0.03978834230120562;0.7974663230154888;0.8064572372417927;2;39;0.03664422863572991;3698;6;55;0.46062226228011977;16;both;affine;100;3;1.3196995428634866e-05;0.6024;596;0.6377;3280387012;12656;14622;28780;30012;999999;331038;298594;
