cegb_penalty_split;enable_cegb;enable_merging;enable_prepruning;enable_pruning;enable_quantization;lambda_l1;lambda_l2;learning_rate;max_depth;min_data_in_leaf;min_gain_to_split;n_estimators;num_clusters;num_leaves;pruning_percentile;quantization_bits;quantization_diff;quantization_type;stopping_rounds;rank;train_score;test_score;estimateMemory;accuracy;random_state;arduino:avr:uno;arduino:avr:leonardo;arduino:samd:mkr1000;arduino:samd:mkrgsm1400;arduino:samd:nano_33_ble;esp32:esp32:adafruit_feather_esp32_v2;esp32:esp32:sparklemotion;
0.14257655590963275;True;True;True;True;False;0.06994754099143478;0.39581590562461644;0.6526448075587884;9;43;0.18853825576702088;4323;22;640;0.1854008460315828;16;leafs;scale;100;1;5.757558297550536e-05;0.8478;49;0.8764;3626764237;4766;6732;23964;25196;999999;326882;294442;
0.11245946469916436;True;False;True;False;False;0.06994754099143478;0.39581590562461644;0.6526448075587884;7;53;0.18884976812696752;4323;3;158;0.19863511825401267;8;leafs;affine;100;2;5.63869336437055e-05;0.8498;49;0.8764;3626764237;4766;6732;23964;25196;999999;326882;294442;
0.11590237031253192;False;True;True;False;False;0.06994754099143478;0.39581590562461644;0.6526448075587884;4;31;0.1132691763416256;4323;10;623;0.5385553436157956;8;both;affine;100;3;2.7954557005948615e-05;0.9181;2938;0.9284;3626764237;24870;26836;40324;41556;999999;346666;313602;
