cegb_penalty_split;enable_cegb;enable_merging;enable_prepruning;enable_pruning;enable_quantization;lambda_l1;lambda_l2;learning_rate;max_depth;min_data_in_leaf;min_gain_to_split;n_estimators;num_clusters;num_leaves;pruning_percentile;quantization_bits;quantization_diff;quantization_type;stopping_rounds;rank;train_score;test_score;estimateMemory;accuracy;random_state;arduino:avr:uno;arduino:avr:leonardo;arduino:samd:mkr1000;arduino:samd:mkrgsm1400;arduino:samd:nano_33_ble;esp32:esp32:adafruit_feather_esp32_v2;esp32:esp32:sparklemotion;
0.0602712419248516;False;False;True;True;False;0.6914581049708427;0.4458285456986186;0.7843188632979488;4;57;0.20674789323354925;2501;13;130;0.18958287555237718;8;both;scale;10;1;1.4851083589032452e-05;0.8739;3656;0.8556;647892279;25082;27048;41436;42668;999999;347882;314822;
0.12340194323139339;False;True;False;True;True;0.6914581049708427;0.4458285456986186;0.7843188632979488;6;28;0.13355802917865353;2501;20;935;0.3406858023189232;16;leafs;affine;10;2;1.1611386670037438e-05;0.8173;4160;0.7888;647892279;48844;50810;50868;52100;999999;353094;319758;
0.10574404461138077;False;True;False;False;False;0.6914581049708427;0.4458285456986186;0.7843188632979488;4;47;0.0714487434970845;2501;20;801;0.5776495415234806;8;leafs;affine;10;3;9.685093873308698e-06;0.8810;9050;0.8773;647892279;67954;69920;68644;69876;999999;379518;346982;
0.086079020368704;False;False;False;True;False;0.6914581049708427;0.4458285456986186;0.7843188632979488;6;59;0.15777231544329187;2501;7;648;0.23824320516988232;8;thresholds;scale;10;4;3.2995209972971783e-07;0.8722;9296;0.8727;647892279;60884;62850;67900;69132;999999;376838;344302;
0.12033400589928861;False;False;True;False;True;0.6914581049708427;0.4458285456986186;0.7843188632979488;8;31;0.1536982259857923;2501;5;543;0.6118300508391702;8;thresholds;scale;10;5;7.589282117636067e-08;0.2103;5747;0.2174;647892279;45396;47362;57588;58820;999999;365678;333110;
0.02749767814099486;False;False;False;False;True;0.6914581049708427;0.4458285456986186;0.7843188632979488;9;24;0.15535138732380005;2501;23;302;0.5408523955371526;8;thresholds;scale;10;6;2.5722606420028337e-08;0.2103;9088;0.2174;647892279;69058;71024;72828;74060;999999;382970;350438;
0.14669597931523978;True;False;True;True;False;0.6914581049708427;0.4458285456986186;0.7843188632979488;9;26;0.1555229562627107;2501;12;42;0.709303841074116;8;thresholds;scale;10;7;7.59407472467915e-19;0.0349;26;0.0280;647892279;4268;6234;24324;25556;999999;326846;294410;
