cegb_penalty_split;enable_cegb;enable_merging;enable_prepruning;enable_pruning;enable_quantization;lambda_l1;lambda_l2;learning_rate;max_depth;min_data_in_leaf;min_gain_to_split;n_estimators;num_clusters;num_leaves;pruning_percentile;quantization_bits;quantization_diff;quantization_type;stopping_rounds;rank;train_score;test_score;estimateMemory;accuracy;random_state;arduino:avr:uno;arduino:avr:leonardo;arduino:samd:mkr1000;arduino:samd:mkrgsm1400;arduino:samd:nano_33_ble;esp32:esp32:adafruit_feather_esp32_v2;esp32:esp32:sparklemotion;
0.14383951789620072;True;True;False;False;False;0.2510095763159889;0.17444541482623035;0.790728006102347;8;32;0.14808800330533325;5610;12;99;0.11192836028902059;8;leafs;scale;50;1;4.590431478137937e-05;0.7708;22;0.7802;647892279;4636;6602;23860;25092;999999;326794;294350;
0.10896248478133091;False;False;False;True;False;0.2510095763159889;0.17444541482623035;0.790728006102347;3;23;0.0806030194326516;5610;10;531;0.6391994730310812;8;both;affine;50;2;2.9514135167600012e-05;0.8393;3176;0.8554;647892279;21744;23710;37396;38628;999999;341950;308894;
0.12340194323139339;False;True;False;True;True;0.2510095763159889;0.17444541482623035;0.790728006102347;6;28;0.13355802917865353;5610;20;935;0.3406858023189232;16;leafs;affine;50;3;1.3678815411290156e-05;0.6467;1172;0.6635;647892279;17322;19288;32596;33828;999999;334326;301882;
