cegb_penalty_split;enable_cegb;enable_merging;enable_prepruning;enable_pruning;enable_quantization;lambda_l1;lambda_l2;learning_rate;max_depth;min_data_in_leaf;min_gain_to_split;n_estimators;num_clusters;num_leaves;pruning_percentile;quantization_bits;quantization_diff;quantization_type;stopping_rounds;rank;train_score;test_score;estimateMemory;accuracy;random_state;arduino:avr:uno;arduino:avr:leonardo;arduino:samd:mkr1000;arduino:samd:mkrgsm1400;arduino:samd:nano_33_ble;esp32:esp32:adafruit_feather_esp32_v2;esp32:esp32:sparklemotion;
0.10432283711688618;True;False;False;True;False;0.5195221458133382;0.05010167357863184;0.7822984196036606;2;38;0.052064566662371685;5804;5;96;0.4715712292216827;16;thresholds;scale;10;1;2.0956112144325412e-05;0.5522;255;0.0870;242886303;5386;7352;24964;26196;999999;327602;295158;
0.022252452299874933;False;False;True;True;True;0.5195221458133382;0.05010167357863184;0.7822984196036606;8;44;0.19619279044523474;5804;12;242;0.3698078789178315;8;thresholds;affine;10;2;1.6157964673472568e-05;0.8480;4193;0.8758;242886303;35610;37576;49164;50396;999999;355786;323018;
0.07214154856181705;False;False;True;False;True;0.5195221458133382;0.05010167357863184;0.7822984196036606;9;25;0.08024681778481318;5804;19;526;0.08648695844851377;8;thresholds;affine;10;3;1.1385592104620724e-05;0.8815;5687;0.8820;242886303;46318;48284;56972;58204;999999;364390;331806;
0.12532777185040742;False;False;False;False;True;0.5195221458133382;0.05010167357863184;0.7822984196036606;8;23;0.12216022214337031;5804;12;94;0.7145926723475804;16;both;affine;10;4;1.1306451340737174e-05;0.8845;6861;0.8960;242886303;75200;77166;72412;73644;999999;372130;339254;
0.12270555843129498;False;False;False;False;True;0.5195221458133382;0.05010167357863184;0.7822984196036606;3;49;0.09096167456090602;5804;24;87;0.44689549582152244;8;thresholds;scale;10;5;7.880806204839899e-10;0.1680;10211;0.1972;242886303;77014;78980;80180;81412;999999;387886;355358;
