cegb_penalty_split;enable_cegb;enable_merging;enable_prepruning;enable_pruning;enable_quantization;lambda_l1;lambda_l2;learning_rate;max_depth;min_data_in_leaf;min_gain_to_split;n_estimators;num_clusters;num_leaves;pruning_percentile;quantization_bits;quantization_diff;quantization_type;stopping_rounds;rank;train_score;test_score;estimateMemory;accuracy;random_state;arduino:avr:uno;arduino:avr:leonardo;arduino:samd:mkr1000;arduino:samd:mkrgsm1400;arduino:samd:nano_33_ble;esp32:esp32:adafruit_feather_esp32_v2;esp32:esp32:sparklemotion;
0.031251043762927776;True;True;False;False;True;0.47387338951384633;0.02075848890247606;0.697312190132003;5;34;0.19764700894089693;4436;24;238;0.48245527911158587;16;leafs;affine;10;1;2.0993206238738537e-05;0.6034;222;0.6291;3626764237;6106;8072;25068;26300;999999;327794;295350;
0.07643329146695343;True;False;False;False;True;0.47387338951384633;0.02075848890247606;0.697312190132003;7;50;0.14349580698870348;4436;21;951;0.042926996391078505;16;thresholds;scale;10;2;1.1007889860983075e-05;0.6034;85;0.6291;3626764237;5328;7294;24436;25668;999999;327414;294970;
0.040171379020337246;False;False;False;True;True;0.47387338951384633;0.02075848890247606;0.697312190132003;2;28;0.059591321755227605;4436;9;44;0.040365431703977474;16;leafs;affine;10;3;3.3670229219696454e-06;0.6034;3876;0.6291;3626764237;27424;29390;39092;40324;999999;342934;309874;
0.04000801796663283;False;False;False;True;False;0.47387338951384633;0.02075848890247606;0.697312190132003;9;37;0.09152563077876105;4436;12;609;0.21993825723880397;8;both;affine;10;4;3.5814484231907047e-07;0.9411;4033;0.9544;3626764237;23226;25192;39108;40340;999999;345406;312350;
0.025566531279733483;True;True;False;True;False;0.47387338951384633;0.02075848890247606;0.697312190132003;2;42;0.07424487287787439;4436;10;642;0.2227674613453067;8;both;affine;10;5;3.028449443276133e-07;0.8882;224;0.9067;3626764237;6244;8210;24788;26020;999999;327726;295286;
