cegb_penalty_split;enable_cegb;enable_merging;enable_prepruning;enable_pruning;enable_quantization;lambda_l1;lambda_l2;learning_rate;max_depth;min_data_in_leaf;min_gain_to_split;n_estimators;num_clusters;num_leaves;pruning_percentile;quantization_bits;quantization_diff;quantization_type;stopping_rounds;rank;train_score;test_score;estimateMemory;accuracy;random_state;arduino:avr:uno;arduino:avr:leonardo;arduino:samd:mkr1000;arduino:samd:mkrgsm1400;arduino:samd:nano_33_ble;esp32:esp32:adafruit_feather_esp32_v2;esp32:esp32:sparklemotion;
0.04233939802474473;False;True;True;True;False;0.2510095763159889;0.17444541482623035;0.790728006102347;7;54;0.15567387068041755;5610;8;898;0.2354252697989105;16;thresholds;scale;50;1;3.905590155030713e-05;0.9152;1619;0.8872;647892279;15360;17326;32260;33492;999999;336474;304034;
0.09571016170964997;True;False;False;True;False;0.2510095763159889;0.17444541482623035;0.790728006102347;8;22;0.10177679070360289;5610;3;278;0.1522864008065962;8;thresholds;scale;50;2;3.1024962881123216e-05;0.8915;67;0.8764;647892279;4866;6832;24012;25244;999999;326934;294494;
0.0861150645872674;False;False;True;True;True;0.2510095763159889;0.17444541482623035;0.790728006102347;2;50;0.1558416460600165;5610;20;264;0.4458285456986186;8;both;affine;50;3;1.7045583996484354e-05;0.6104;204;0.5662;647892279;7842;9808;26052;27284;999999;328806;296366;
0.048840715540417;False;False;False;False;True;0.2510095763159889;0.17444541482623035;0.790728006102347;8;51;0.15873894943263475;5610;7;579;0.30056540572113083;8;leafs;affine;50;4;1.2567936795441672e-05;0.6104;2610;0.5662;647892279;21576;23542;34188;35420;999999;339046;306194;
