cegb_penalty_split;enable_cegb;enable_merging;enable_prepruning;enable_pruning;enable_quantization;lambda_l1;lambda_l2;learning_rate;max_depth;min_data_in_leaf;min_gain_to_split;n_estimators;num_clusters;num_leaves;pruning_percentile;quantization_bits;quantization_diff;quantization_type;stopping_rounds;rank;train_score;test_score;estimateMemory;accuracy;random_state;arduino:avr:uno;arduino:avr:leonardo;arduino:samd:mkr1000;arduino:samd:mkrgsm1400;arduino:samd:nano_33_ble;esp32:esp32:adafruit_feather_esp32_v2;esp32:esp32:sparklemotion;
0.04935849790409167;True;True;False;False;True;0.23031870949018934;0.5848839104987246;0.7685297854971421;3;39;0.1045253555247203;4137;18;410;0.4479407502237728;16;both;scale;20;1;4.441779331843027e-05;0.8231;122;0.8191;2337446730;5454;7420;24828;26060;999999;327518;295074;
0.12428276443553837;False;False;True;True;False;0.23031870949018934;0.5848839104987246;0.7685297854971421;9;33;0.1110837933247622;4137;7;351;0.6140578922503601;8;leafs;affine;20;2;2.6410206185803483e-05;0.8446;2778;0.8601;2337446730;19214;21180;35404;36636;999999;337762;305318;
0.05549266411116977;False;False;True;False;False;0.23031870949018934;0.5848839104987246;0.7685297854971421;5;42;0.15562699892228152;4137;14;654;0.1603448475991033;16;both;affine;20;3;2.326612932610512e-05;0.8641;4240;0.8670;2337446730;21776;23742;39724;40956;999999;348022;314962;
0.12671229091806677;False;True;False;False;True;0.23031870949018934;0.5848839104987246;0.7685297854971421;7;49;0.011047139430699784;4137;12;473;0.7421460165918095;8;leafs;scale;20;4;1.2412648116158885e-05;0.7597;2011;0.8202;2337446730;31632;33598;39596;40828;999999;339882;307022;
0.12939865196942069;False;False;True;False;True;0.23031870949018934;0.5848839104987246;0.7685297854971421;4;30;0.14706358613437773;4137;3;725;0.657140775827953;16;leafs;affine;20;5;9.771260898956919e-06;0.6474;1680;0.6572;2337446730;13254;15220;30436;31668;999999;333842;301398;
0.15932069140505214;False;True;False;False;True;0.23031870949018934;0.5848839104987246;0.7685297854971421;5;57;0.10834620704783868;4137;12;744;0.6787031825777947;8;thresholds;scale;20;6;1.0137052658026629e-06;0.3526;4927;0.3428;2337446730;41478;43444;53724;54956;999999;353446;320350;
