cegb_penalty_split;enable_cegb;enable_merging;enable_prepruning;enable_pruning;enable_quantization;lambda_l1;lambda_l2;learning_rate;max_depth;min_data_in_leaf;min_gain_to_split;n_estimators;num_clusters;num_leaves;pruning_percentile;quantization_bits;quantization_diff;quantization_type;stopping_rounds;rank;train_score;test_score;estimateMemory;accuracy;random_state;arduino:avr:uno;arduino:avr:leonardo;arduino:samd:mkr1000;arduino:samd:mkrgsm1400;arduino:samd:nano_33_ble;esp32:esp32:adafruit_feather_esp32_v2;esp32:esp32:sparklemotion;
0.15645236480510777;True;False;True;False;True;0.3545659259109866;0.4909734507515627;0.789542710302346;9;48;0.14436705587871618;5995;15;822;0.5731214860680698;8;thresholds;affine;50;1;5.464716292257337e-05;0.8565;22;0.8026;1013818839;4876;6842;24204;25436;999999;327126;294682;
0.10106601004917627;False;True;True;False;False;0.3545659259109866;0.4909734507515627;0.789542710302346;7;22;0.14861365728611955;5995;11;819;0.625318423023221;16;leafs;affine;50;2;2.971164298881398e-05;0.9176;2045;0.9024;1013818839;19004;20970;34980;36212;999999;340326;307310;
0.15539294855731572;True;False;False;False;True;0.3545659259109866;0.4909734507515627;0.789542710302346;6;50;0.03141196194963122;5995;13;593;0.8087577260122063;16;thresholds;scale;50;3;6.284197518072661e-06;0.3930;25;0.4035;1013818839;4868;6834;24188;25420;999999;327118;294674;
