cegb_penalty_split;enable_cegb;enable_merging;enable_prepruning;enable_pruning;enable_quantization;lambda_l1;lambda_l2;learning_rate;max_depth;min_data_in_leaf;min_gain_to_split;n_estimators;num_clusters;num_leaves;pruning_percentile;quantization_bits;quantization_diff;quantization_type;stopping_rounds;rank;train_score;test_score;estimateMemory;accuracy;random_state;arduino:avr:uno;arduino:avr:leonardo;arduino:samd:mkr1000;arduino:samd:mkrgsm1400;arduino:samd:nano_33_ble;esp32:esp32:adafruit_feather_esp32_v2;esp32:esp32:sparklemotion;
0.014798563312601423;True;True;True;False;True;0.14715029281313804;0.07109386474883492;0.8085876357740801;4;50;0.14832754554493374;3277;16;538;0.11582494985240425;8;both;scale;50;1;0.00020415893718481743;-4.6750;199;0.9192;3626764237;5398;7364;21860;23092;999999;326942;294494;
0.06566721202382055;True;False;True;True;True;0.14715029281313804;0.07109386474883492;0.8085876357740801;3;31;0.1744511550269252;3277;21;370;0.2935768276157591;8;both;affine;50;2;1.087707442526558e-06;-4.9245;56;0.9230;3626764237;4626;6592;21424;22656;999999;326422;293982;
0.10808117537674986;False;True;True;True;True;0.14715029281313804;0.07109386474883492;0.8085876357740801;8;21;0.10700302762829565;3277;14;324;0.1696646551394403;8;thresholds;affine;50;3;1.077524713006703e-06;-4.8062;13551;0.9218;3626764237;63448;65414;74800;76032;999999;403382;370506;
0.08036096847347925;False;False;True;True;True;0.14715029281313804;0.07109386474883492;0.8085876357740801;6;52;0.03499406442333387;3277;11;35;0.48754892371103775;8;thresholds;affine;50;4;1.049177743022606e-06;-4.2910;4647;0.9426;3626764237;32846;34812;49520;50752;999999;362954;330374;
0.08109709140481929;False;False;True;False;True;0.14715029281313804;0.07109386474883492;0.8085876357740801;4;47;0.1957055723141483;3277;9;961;0.2984985995289178;8;thresholds;scale;50;5;-1.704575963701293e-06;-39.0641;23366;-4.2294;3626764237;154256;156222;184668;185900;999999;525750;492402;
