cegb_penalty_split;enable_cegb;enable_merging;enable_prepruning;enable_pruning;enable_quantization;lambda_l1;lambda_l2;learning_rate;max_depth;min_data_in_leaf;min_gain_to_split;n_estimators;num_clusters;num_leaves;pruning_percentile;quantization_bits;quantization_diff;quantization_type;stopping_rounds;rank;train_score;test_score;estimateMemory;accuracy;random_state;arduino:avr:uno;arduino:avr:leonardo;arduino:samd:mkr1000;arduino:samd:mkrgsm1400;arduino:samd:nano_33_ble;esp32:esp32:adafruit_feather_esp32_v2;esp32:esp32:sparklemotion;
0.04196818098969549;True;True;False;True;True;0.15292665704840025;0.721793315196905;0.7777582878064546;7;32;0.12049865333590414;601;8;843;0.44236645973946104;16;leafs;scale;50;1;4.651809174273197e-05;0.8270;130;0.7876;2675342405;5444;7410;24596;25828;999999;327254;294810;
0.14075891173422744;True;False;False;False;True;0.15292665704840025;0.721793315196905;0.7777582878064546;7;48;0.05641088225741879;601;10;633;0.6075943454994234;8;both;scale;50;2;2.9057431722106737e-05;0.6515;7;0.6199;2675342405;4832;6798;24372;25604;999999;327054;294610;
0.07628585462751195;False;False;False;False;False;0.15292665704840025;0.721793315196905;0.7777582878064546;4;35;0.176864001794373;601;4;155;0.029698805540283986;8;leafs;scale;50;3;1.4682507686311579e-05;0.8564;6560;0.8391;2675342405;43118;45084;56772;58004;999999;357858;325234;
0.10807262224223783;False;False;False;False;False;0.15292665704840025;0.721793315196905;0.7777582878064546;8;48;0.19471900742842174;601;6;289;0.2676841767711177;8;leafs;scale;50;4;1.4682507686311579e-05;0.8564;6560;0.8391;2675342405;43118;45084;56772;58004;999999;357858;325234;
0.12712343316860025;False;True;False;False;False;0.15292665704840025;0.721793315196905;0.7777582878064546;7;59;0.18520302621738186;601;17;878;0.08061750583234803;8;leafs;scale;50;5;1.4614830508981444e-05;0.8349;3964;0.7697;2675342405;33336;35302;46508;47740;999999;348810;315750;
0.02140439771083745;False;False;False;False;True;0.15292665704840025;0.721793315196905;0.7777582878064546;6;24;0.12242467785859547;601;4;546;0.4315080811995273;8;thresholds;affine;50;6;1.3418575854250434e-05;0.8411;4006;0.8281;2675342405;42724;44690;56052;57284;999999;355358;322586;
0.014834315372961624;False;True;False;True;True;0.15292665704840025;0.721793315196905;0.7777582878064546;5;29;0.12067786997131466;601;13;826;0.5042633207377719;16;thresholds;scale;50;7;2.4841478984539414e-06;0.3485;1979;0.3801;2675342405;19698;21664;35084;36316;999999;338822;305922;
