cegb_penalty_split;enable_cegb;enable_merging;enable_prepruning;enable_pruning;enable_quantization;lambda_l1;lambda_l2;learning_rate;max_depth;min_data_in_leaf;min_gain_to_split;n_estimators;num_clusters;num_leaves;pruning_percentile;quantization_bits;quantization_diff;quantization_type;stopping_rounds;rank;train_score;test_score;estimateMemory;accuracy;random_state;arduino:avr:uno;arduino:avr:leonardo;arduino:samd:mkr1000;arduino:samd:mkrgsm1400;arduino:samd:nano_33_ble;esp32:esp32:adafruit_feather_esp32_v2;esp32:esp32:sparklemotion;
0.10108661911800731;False;True;False;True;False;0.4361841434701734;0.40184220205383364;0.3661014154367408;5;42;0.12564056682218078;4142;11;373;0.6350151024636159;16;thresholds;scale;100;1;2.8590139258247345e-05;0.9123;1191;0.9111;242886303;13790;15756;30492;31724;999999;333918;301474;
0.05791545723124347;False;False;True;True;False;0.4361841434701734;0.40184220205383364;0.3661014154367408;6;41;0.1372049746242195;4142;24;256;0.06657754586977735;8;leafs;scale;100;2;2.4344543556153696e-05;0.9469;3244;0.9588;242886303;20834;22800;37756;38988;999999;343670;310614;
0.1428424437249646;False;True;False;False;False;0.4361841434701734;0.40184220205383364;0.3661014154367408;8;50;0.04112250249744593;4142;4;567;0.19723018354945274;16;thresholds;affine;100;3;1.4986563364939887e-05;0.8973;2975;0.9132;242886303;25494;27460;39588;40820;999999;345238;312178;
0.016984696368181593;False;False;False;False;True;0.4361841434701734;0.40184220205383364;0.3661014154367408;4;24;0.06838218980744343;4142;23;59;0.41483567664883453;8;both;affine;100;4;5.661532462963478e-06;0.6053;1242;0.6117;242886303;25446;27412;35532;36764;999999;338178;305734;
