cegb_penalty_split;enable_cegb;enable_merging;enable_prepruning;enable_pruning;enable_quantization;lambda_l1;lambda_l2;learning_rate;max_depth;min_data_in_leaf;min_gain_to_split;n_estimators;num_clusters;num_leaves;pruning_percentile;quantization_bits;quantization_diff;quantization_type;stopping_rounds;rank;train_score;test_score;estimateMemory;accuracy;random_state;arduino:avr:uno;arduino:avr:leonardo;arduino:samd:mkr1000;arduino:samd:mkrgsm1400;arduino:samd:nano_33_ble;esp32:esp32:adafruit_feather_esp32_v2;esp32:esp32:sparklemotion;
0.02212583999289046;True;True;True;True;False;0.6903208854183885;0.7212602519119564;0.751214751806158;2;26;0.15593206620561598;2100;21;865;0.659782780955494;8;leafs;scale;100;1;2.356316926888954e-05;0.4109;132;0.7702;2337446730;4734;6700;24612;25844;999999;327170;294726;
0.1459917520777496;False;True;False;True;True;0.6903208854183885;0.7212602519119564;0.751214751806158;5;39;0.20775768442233522;2100;5;627;0.1917075165956924;8;both;affine;100;2;1.0870673993387959e-05;0.8239;2527;0.7003;2337446730;40718;42684;42916;44148;999999;346478;313194;
0.052200714872851495;False;False;False;False;True;0.6903208854183885;0.7212602519119564;0.751214751806158;8;48;0.022954938397232477;2100;14;310;0.2326830400283329;8;thresholds;affine;100;3;1.0209481470229459e-05;0.8807;7408;0.8727;2337446730;57644;59610;65484;66716;999999;373270;340734;
0.018252717874382707;False;False;False;True;True;0.6903208854183885;0.7212602519119564;0.751214751806158;4;31;0.04849888121283956;2100;17;415;0.16084845874964615;8;thresholds;scale;100;4;6.24003014559952e-08;0.2129;6549;0.1941;2337446730;51854;53820;61172;62404;999999;368366;335802;
