cegb_penalty_split;enable_cegb;enable_merging;enable_prepruning;enable_pruning;enable_quantization;lambda_l1;lambda_l2;learning_rate;max_depth;min_data_in_leaf;min_gain_to_split;n_estimators;num_clusters;num_leaves;pruning_percentile;quantization_bits;quantization_diff;quantization_type;stopping_rounds;rank;train_score;test_score;estimateMemory;accuracy;random_state;arduino:avr:uno;arduino:avr:leonardo;arduino:samd:mkr1000;arduino:samd:mkrgsm1400;arduino:samd:nano_33_ble;esp32:esp32:adafruit_feather_esp32_v2;esp32:esp32:sparklemotion;
0.02488104789557126;True;False;False;True;False;0.40915955010684363;0.37769737013099086;0.7812651410771191;7;46;0.01088628530785131;2774;18;850;0.5121348874304035;8;leafs;affine;10;1;5.903940001896136e-05;0.8911;171;0.8633;1013818839;5386;7352;24316;25548;999999;327314;294874;
0.1346315773660618;False;True;False;True;True;0.40915955010684363;0.37769737013099086;0.7812651410771191;3;27;0.10768252692481063;2774;5;707;0.7860684873911922;8;both;scale;10;2;4.132564439325862e-05;0.8865;160;0.8677;1013818839;7012;8978;25588;26820;999999;328126;295682;
0.09802860278422898;True;True;False;True;True;0.40915955010684363;0.37769737013099086;0.7812651410771191;2;47;0.15704866107468068;2774;21;826;0.028210855932438363;16;leafs;scale;10;3;2.9008477176857097e-07;0.8800;37;0.8460;1013818839;4778;6744;24188;25420;999999;326866;294422;
