cegb_penalty_split;enable_cegb;enable_merging;enable_prepruning;enable_pruning;enable_quantization;lambda_l1;lambda_l2;learning_rate;max_depth;min_data_in_leaf;min_gain_to_split;n_estimators;num_clusters;num_leaves;pruning_percentile;quantization_bits;quantization_diff;quantization_type;stopping_rounds;rank;train_score;test_score;estimateMemory;accuracy;random_state;arduino:avr:uno;arduino:avr:leonardo;arduino:samd:mkr1000;arduino:samd:mkrgsm1400;arduino:samd:nano_33_ble;esp32:esp32:adafruit_feather_esp32_v2;esp32:esp32:sparklemotion;
0.10432283711688618;True;False;False;True;False;0.12955938479582207;0.2336779528477927;0.7859824660862432;2;38;0.052064566662371685;3371;5;96;0.4715712292216827;16;thresholds;scale;10;1;5.992359397614671e-05;0.8763;58;0.8742;242886303;4808;6774;23980;25212;999999;326914;294474;
0.016984696368181593;False;False;False;False;True;0.12955938479582207;0.2336779528477927;0.7859824660862432;4;24;0.06838218980744343;3371;23;59;0.41483567664883453;8;both;affine;10;2;1.0218653335186088e-05;0.6053;651;0.6117;242886303;14960;16926;29972;31204;999999;332858;300414;
0.09957101421099876;False;False;True;True;True;0.12955938479582207;0.2336779528477927;0.7859824660862432;8;51;0.05571985072651013;3371;23;1019;0.2742454922546823;16;thresholds;scale;10;3;3.5992092683854397e-06;0.3947;1186;0.3883;242886303;12064;14030;29804;31036;999999;333850;301406;
