cegb_penalty_split;enable_cegb;enable_merging;enable_prepruning;enable_pruning;enable_quantization;lambda_l1;lambda_l2;learning_rate;max_depth;min_data_in_leaf;min_gain_to_split;n_estimators;num_clusters;num_leaves;pruning_percentile;quantization_bits;quantization_diff;quantization_type;stopping_rounds;rank;train_score;test_score;estimateMemory;accuracy;random_state;arduino:avr:uno;arduino:avr:leonardo;arduino:samd:mkr1000;arduino:samd:mkrgsm1400;arduino:samd:nano_33_ble;esp32:esp32:adafruit_feather_esp32_v2;esp32:esp32:sparklemotion;
0.08845595245673149;True;False;False;True;False;0.761163729269503;0.16518420188702093;0.6101204329111226;9;48;0.17481778593849212;2360;23;199;0.6739775555786058;16;leafs;scale;50;1;4.6524871407279374e-05;0.7747;22;0.7839;3530265750;4636;6602;23860;25092;999999;326794;294350;
0.05396899649051559;False;False;False;False;True;0.761163729269503;0.16518420188702093;0.6101204329111226;2;44;0.20998834211632303;2360;7;477;0.3044789762124786;8;both;scale;50;2;1.162080977205467e-05;0.8500;3138;0.8475;3530265750;54964;56930;56908;58140;999999;356666;323570;
0.15370090897218683;False;True;False;False;False;0.761163729269503;0.16518420188702093;0.6101204329111226;2;52;0.1970514095207474;2360;23;410;0.33860634137814594;8;both;scale;50;3;1.003006002366315e-05;0.8465;7668;0.8291;3530265750;63810;65776;73508;74740;999999;372422;339870;
0.03810828341959049;False;False;True;True;True;0.761163729269503;0.16518420188702093;0.6101204329111226;9;27;0.1468608688264177;2360;15;42;0.3503986356926718;8;leafs;affine;50;4;8.232700849008982e-06;0.6468;1649;0.6625;3530265750;14076;16042;29836;31068;999999;334050;301606;
0.078328133320225;False;False;False;True;False;0.761163729269503;0.16518420188702093;0.6101204329111226;2;32;0.13603106269828233;2360;17;760;0.5383938591684199;16;both;scale;50;5;2.9275711544321195e-07;0.8515;5852;0.8659;3530265750;39182;41148;53612;54844;999999;354814;321718;
