cegb_penalty_split;enable_cegb;enable_merging;enable_prepruning;enable_pruning;enable_quantization;lambda_l1;lambda_l2;learning_rate;max_depth;min_data_in_leaf;min_gain_to_split;n_estimators;num_clusters;num_leaves;pruning_percentile;quantization_bits;quantization_diff;quantization_type;stopping_rounds;rank;train_score;test_score;estimateMemory;accuracy;random_state;arduino:avr:uno;arduino:avr:leonardo;arduino:samd:mkr1000;arduino:samd:mkrgsm1400;arduino:samd:nano_33_ble;esp32:esp32:adafruit_feather_esp32_v2;esp32:esp32:sparklemotion;
0.031251043762927776;True;True;False;False;True;0.5268719328894794;0.21973622326144607;0.7740674500154896;5;34;0.19764700894089693;2329;24;238;0.48245527911158587;16;leafs;affine;10;1;4.468841648995131e-05;0.8323;363;0.8323;3626764237;7228;9194;26300;27532;999999;328822;296334;
0.09860116019568568;True;False;True;False;True;0.5268719328894794;0.21973622326144607;0.7740674500154896;9;46;0.17659912841923425;2329;24;96;0.32985578664703574;8;thresholds;affine;10;2;4.39418528525267e-05;0.7703;142;0.7764;3626764237;5190;7156;25044;26276;999999;327594;295150;
0.01901806021314886;True;True;False;True;False;0.5268719328894794;0.21973622326144607;0.7740674500154896;4;22;0.15626329244761833;2329;12;677;0.12004828487971059;16;leafs;scale;10;3;3.857099808161958e-05;0.8385;696;0.8323;3626764237;9236;11202;27284;28516;999999;329982;297534;
0.07627778164922101;False;False;False;True;False;0.5268719328894794;0.21973622326144607;0.7740674500154896;8;40;0.15667494271818586;2329;15;85;0.25557131068689054;16;both;scale;10;4;1.3676563705623466e-05;0.8622;6519;0.8960;3626764237;43160;45126;55484;56716;999999;362186;329610;
0.1361693624828336;False;True;False;False;False;0.5268719328894794;0.21973622326144607;0.7740674500154896;6;28;0.13236952667061494;2329;7;1022;0.7233408053110693;16;thresholds;affine;10;5;1.0422388226756074e-05;0.8499;6587;0.8742;3626764237;49890;51856;56972;58204;999999;363750;331170;
0.03089362276125613;True;True;True;False;True;0.5268719328894794;0.21973622326144607;0.7740674500154896;9;50;0.077922887812658;2329;20;311;0.4812557636449515;16;thresholds;scale;10;6;3.1889385786557845e-07;0.2117;309;0.2050;3626764237;6364;8330;25732;26964;999999;328338;295894;
0.11731129339382877;True;False;True;False;False;0.5268719328894794;0.21973622326144607;0.7740674500154896;6;53;0.0631812307417756;2329;6;813;0.5181636582368335;16;both;scale;10;7;2.2325889743195292e-07;0.7683;174;0.7593;3626764237;4920;6886;24708;25940;999999;327270;294826;
