cegb_penalty_split;enable_cegb;enable_merging;enable_prepruning;enable_pruning;enable_quantization;lambda_l1;lambda_l2;learning_rate;max_depth;min_data_in_leaf;min_gain_to_split;n_estimators;num_clusters;num_leaves;pruning_percentile;quantization_bits;quantization_diff;quantization_type;stopping_rounds;rank;train_score;test_score;estimateMemory;accuracy;random_state;arduino:avr:uno;arduino:avr:leonardo;arduino:samd:mkr1000;arduino:samd:mkrgsm1400;arduino:samd:nano_33_ble;esp32:esp32:adafruit_feather_esp32_v2;esp32:esp32:sparklemotion;
0.04935849790409167;True;True;False;False;True;0.5362370095181864;0.6499391295540379;0.7393869928881944;3;39;0.1045253555247203;3403;18;410;0.4479407502237728;16;both;scale;10;1;5.6747014480559266e-05;0.9012;81;0.9089;2337446730;5344;7310;24756;25988;999999;327462;295018;
0.10986503382165067;False;True;True;True;False;0.5362370095181864;0.6499391295540379;0.7393869928881944;3;34;0.18487213030760907;3403;12;260;0.532072273517561;16;leafs;scale;10;2;4.84203663996281e-05;0.9128;496;0.9371;2337446730;8284;10250;26668;27900;999999;330018;297574;
0.01960446604358261;False;False;False;True;True;0.5362370095181864;0.6499391295540379;0.7393869928881944;8;26;0.08644189946593993;3403;20;330;0.14548884859793448;16;thresholds;scale;10;3;1.209316791596928e-05;0.6089;1795;0.5792;2337446730;15606;17572;32732;33964;999999;336886;304442;
0.05512474488167631;False;True;True;False;True;0.5362370095181864;0.6499391295540379;0.7393869928881944;3;21;0.040384865717607944;3403;9;233;0.7909309887060612;16;thresholds;affine;10;4;3.224404604719547e-07;0.9237;1428;0.9306;2337446730;15198;17164;32940;34172;999999;336930;304486;
